{"learner":{"attributes":{"best_iteration":"0","best_score":"1.0"},"feature_names":[],"feature_types":[],"gradient_booster":{"model":{"gbtree_model_param":{"num_parallel_tree":"1","num_trees":"21"},"iteration_indptr":[0,1,2,3,4,5,6,7,8,9,10,11,12,13,14,15,16,17,18,19,20,21],"tree_info":[0,0,0,0,0,0,0,0,0,0,0,0,0,0,0,0,0,0,0,0,0],"trees":[{"base_weights":[-1.1724869E-2,-7.359478E-2,1.4890702E-1],"categories":[],"categories_nodes":[],"categories_segments":[],"categories_sizes":[],"default_left":[0,0,0],"id":0,"left_children":[1,-1,-1],"loss_changes":[5.852831E2,0E0,0E0],"parents":[2147483647,0,0],"right_children":[2,-1,-1],"split_conditions":[3E1,-7.359478E-2,1.4890702E-1],"split_indices":[0,0,0],"split_type":[0,0,0],"sum_hessian":[1.3205948E2,8.90685E1,4.2990982E1],"tree_param":{"num_deleted":"0","num_feature":"44","num_nodes":"3","size_leaf_vector":"1"}},{"base_weights":[-9.304676E-2,1.7847251E0,-7.17201E-2,-1.2235283E-2,1.9998415E0,1.7671287E-2,2.1660225E0,2.2978313E0,1.623565E-2,1.1894431E-1,5.038299E-2],"categories":[],"categories_nodes":[],"categories_segments":[],"categories_sizes":[],"default_left":[0,0,0,0,0,0,0,0,0,0,0],"id":1,"left_children":[1,3,-1,-1,5,-1,7,9,-1,-1,-1],"loss_changes":[3.2433246E2,2.3922821E1,0E0,0E0,1.2542969E1,0E0,9.929565E0,1.8783264E0,0E0,0E0,0E0],"parents":[2147483647,0,0,1,1,4,4,6,6,7,7],"right_children":[2,4,-1,-1,6,-1,8,10,-1,-1,-1],"split_conditions":[1E0,6.6153846E0,-7.17201E-2,-1.2235283E-2,6.7E1,1.7671287E-2,3.9E1,7.12865E-1,1.623565E-2,1.1894431E-1,5.038299E-2],"split_indices":[2,4,0,0,29,0,21,12,0,0,0],"split_type":[0,0,0,0,0,0,0,0,0,0,0],"sum_hessian":[1.2675039E2,5.267699E1,7.4073395E1,5.0353556E0,4.7641632E1,4.6545095E0,4.2987125E1,3.9884117E1,3.1030064E0,3.6732548E1,3.1515708E0],"tree_param":{"num_deleted":"0","num_feature":"44","num_nodes":"11","size_leaf_vector":"1"}},{"base_weights":[-4.8799925E-2,-7.064107E-2,1.2697838E-1],"categories":[],"categories_nodes":[],"categories_segments":[],"categories_sizes":[],"default_left":[0,0,0],"id":2,"left_children":[1,-1,-1],"loss_changes":[4.606163E2,0E0,0E0],"parents":[2147483647,0,0],"right_children":[2,-1,-1],"split_conditions":[3E1,-7.064107E-2,1.2697838E-1],"split_indices":[0,0,0],"split_type":[0,0,0],"sum_hessian":[1.2844818E2,8.441644E1,4.4031727E1],"tree_param":{"num_deleted":"0","num_feature":"44","num_nodes":"3","size_leaf_vector":"1"}},{"base_weights":[-7.173682E-2,-6.918785E-2,1.1754789E-1],"categories":[],"categories_nodes":[],"categories_segments":[],"categories_sizes":[],"default_left":[0,0,0],"id":3,"left_children":[1,-1,-1],"loss_changes":[4.1775873E2,0E0,0E0],"parents":[2147483647,0,0],"right_children":[2,-1,-1],"split_conditions":[3E1,-6.918785E-2,1.1754789E-1],"split_indices":[0,0,0],"split_type":[0,0,0],"sum_hessian":[1.2940408E2,8.42221E1,4.518198E1],"tree_param":{"num_deleted":"0","num_feature":"44","num_nodes":"3","size_leaf_vector":"1"}},{"base_weights":[-6.6675514E-2,1.0993009E-1,-6.784343E-2],"categories":[],"categories_nodes":[],"categories_segments":[],"categories_sizes":[],"default_left":[0,0,0],"id":4,"left_children":[1,-1,-1],"loss_changes":[3.8387054E2,0E0,0E0],"parents":[2147483647,0,0],"right_children":[2,-1,-1],"split_conditions":[1E0,1.0993009E-1,-6.784343E-2],"split_indices":[3,0,0],"split_type":[0,0,0],"sum_hessian":[1.2932283E2,4.667259E1,8.265024E1],"tree_param":{"num_deleted":"0","num_feature":"44","num_nodes":"3","size_leaf_vector":"1"}},{"base_weights":[-1.2115561E-1,-6.6628814E-2,1.03486694E-1],"categories":[],"categories_nodes":[],"categories_segments":[],"categories_sizes":[],"default_left":[0,0,0],"id":5,"left_children":[1,-1,-1],"loss_changes":[3.360423E2,0E0,0E0],"parents":[2147483647,0,0],"right_children":[2,-1,-1],"split_conditions":[3E1,-6.6628814E-2,1.03486694E-1],"split_indices":[0,0,0],"split_type":[0,0,0],"sum_hessian":[1.2457389E2,8.04706E1,4.410329E1],"tree_param":{"num_deleted":"0","num_feature":"44","num_nodes":"3","size_leaf_vector":"1"}},{"base_weights":[-6.174692E-2,-6.545103E-2,9.8305225E-2],"categories":[],"categories_nodes":[],"categories_segments":[],"categories_sizes":[],"default_left":[0,0,0],"id":6,"left_children":[1,-1,-1],"loss_changes":[3.152753E2,0E0,0E0],"parents":[2147483647,0,0],"right_children":[2,-1,-1],"split_conditions":[3E1,-6.545103E-2,9.8305225E-2],"split_indices":[0,0,0],"split_type":[0,0,0],"sum_hessian":[1.22632385E2,7.614948E1,4.6482903E1],"tree_param":{"num_deleted":"0","num_feature":"44","num_nodes":"3","size_leaf_vector":"1"}},{"base_weights":[1.6612377E-2,-6.4390056E-2,9.390395E-2],"categories":[],"categories_nodes":[],"categories_segments":[],"categories_sizes":[],"default_left":[0,0,0],"id":7,"left_children":[1,-1,-1],"loss_changes":[3.0575568E2,0E0,0E0],"parents":[2147483647,0,0],"right_children":[2,-1,-1],"split_conditions":[3E1,-6.4390056E-2,9.390395E-2],"split_indices":[0,0,0],"split_type":[0,0,0],"sum_hessian":[1.2392661E2,7.304727E1,5.0879337E1],"tree_param":{"num_deleted":"0","num_feature":"44","num_nodes":"3","size_leaf_vector":"1"}},{"base_weights":[-3.9348986E-2,-6.344123E-2,8.972348E-2],"categories":[],"categories_nodes":[],"categories_segments":[],"categories_sizes":[],"default_left":[0,0,0],"id":8,"left_children":[1,-1,-1],"loss_changes":[2.7283078E2,0E0,0E0],"parents":[2147483647,0,0],"right_children":[2,-1,-1],"split_conditions":[3E1,-6.344123E-2,8.972348E-2],"split_indices":[0,0,0],"split_type":[0,0,0],"sum_hessian":[1.1899896E2,7.1422295E1,4.7576668E1],"tree_param":{"num_deleted":"0","num_feature":"44","num_nodes":"3","size_leaf_vector":"1"}},{"base_weights":[-1.8924654E-2,-6.2556796E-2,8.629024E-2],"categories":[],"categories_nodes":[],"categories_segments":[],"categories_sizes":[],"default_left":[0,0,0],"id":9,"left_children":[1,-1,-1],"loss_changes":[2.5363655E2,0E0,0E0],"parents":[2147483647,0,0],"right_children":[2,-1,-1],"split_conditions":[3E1,-6.2556796E-2,8.629024E-2],"split_indices":[0,0,0],"split_type":[0,0,0],"sum_hessian":[1.1597298E2,6.813541E1,4.783757E1],"tree_param":{"num_deleted":"0","num_feature":"44","num_nodes":"3","size_leaf_vector":"1"}},{"base_weights":[-3.9704517E-3,-6.17463E-2,8.326689E-2],"categories":[],"categories_nodes":[],"categories_segments":[],"categories_sizes":[],"default_left":[0,0,0],"id":10,"left_children":[1,-1,-1],"loss_changes":[2.4387679E2,0E0,0E0],"parents":[2147483647,0,0],"right_children":[2,-1,-1],"split_conditions":[3E1,-6.17463E-2,8.326689E-2],"split_indices":[0,0,0],"split_type":[0,0,0],"sum_hessian":[1.16683E2,6.730914E1,4.9373856E1],"tree_param":{"num_deleted":"0","num_feature":"44","num_nodes":"3","size_leaf_vector":"1"}},{"base_weights":[-3.518709E-2,8.016553E-2,-6.0878813E-2],"categories":[],"categories_nodes":[],"categories_segments":[],"categories_sizes":[],"default_left":[0,0,0],"id":11,"left_children":[1,-1,-1],"loss_changes":[2.0251392E2,0E0,0E0],"parents":[2147483647,0,0],"right_children":[2,-1,-1],"split_conditions":[1E0,8.016553E-2,-6.0878813E-2],"split_indices":[3,0,0],"split_type":[0,0,0],"sum_hessian":[1.025242E2,4.2824326E1,5.969987E1],"tree_param":{"num_deleted":"0","num_feature":"44","num_nodes":"3","size_leaf_vector":"1"}},{"base_weights":[-9.464188E-2,-6.0200226E-2,7.764498E-2],"categories":[],"categories_nodes":[],"categories_segments":[],"categories_sizes":[],"default_left":[0,0,0],"id":12,"left_children":[1,-1,-1],"loss_changes":[1.9201605E2,0E0,0E0],"parents":[2147483647,0,0],"right_children":[2,-1,-1],"split_conditions":[3E1,-6.0200226E-2,7.764498E-2],"split_indices":[0,0,0],"split_type":[0,0,0],"sum_hessian":[1.0303468E2,6.1734993E1,4.1299694E1],"tree_param":{"num_deleted":"0","num_feature":"44","num_nodes":"3","size_leaf_vector":"1"}},{"base_weights":[-3.5211742E-2,-5.9488613E-2,7.569559E-2],"categories":[],"categories_nodes":[],"categories_segments":[],"categories_sizes":[],"default_left":[0,0,0],"id":13,"left_children":[1,-1,-1],"loss_changes":[1.8232591E2,0E0,0E0],"parents":[2147483647,0,0],"right_children":[2,-1,-1],"split_conditions":[3E1,-5.9488613E-2,7.569559E-2],